AOIS_1,affineTransformation,test1,true
AOIS_1,permuteAttribute,test1,false
AOIS_1,addUninformativeAtt,test1,true
AOIS_1,rePrediction,test1,true
AOIS_1,addSample,test1,true
AOIS_1,addClassRelabelSample,test1,true
AOIS_1,permuteClasslabel,test1,true
AOIS_1,addInformativeAtt,test1,true
AOIS_1,addClassSample,test1,true
AOIS_1,removeClass,test1,true
AOIS_1,removeSample,test1,true
AOIS_1,affineTransformation,test2,true
AOIS_1,permuteAttribute,test2,false
AOIS_1,addUninformativeAtt,test2,true
AOIS_1,rePrediction,test2,true
AOIS_1,addSample,test2,true
AOIS_1,addClassRelabelSample,test2,true
AOIS_1,permuteClasslabel,test2,true
AOIS_1,addInformativeAtt,test2,true
AOIS_1,addClassSample,test2,true
AOIS_1,removeClass,test2,true
AOIS_1,removeSample,test2,true
AOIS_1,affineTransformation,test3,true
AOIS_1,permuteAttribute,test3,true
AOIS_1,addUninformativeAtt,test3,true
AOIS_1,rePrediction,test3,true
AOIS_1,addSample,test3,true
AOIS_1,addClassRelabelSample,test3,true
AOIS_1,permuteClasslabel,test3,true
AOIS_1,addInformativeAtt,test3,true
AOIS_1,addClassSample,test3,true
AOIS_1,removeClass,test3,true
AOIS_1,removeSample,test3,true
AOIS_1,affineTransformation,test4,true
AOIS_1,permuteAttribute,test4,true
AOIS_1,addUninformativeAtt,test4,true
AOIS_1,rePrediction,test4,true
AOIS_1,addSample,test4,true
AOIS_1,addClassRelabelSample,test4,true
AOIS_1,permuteClasslabel,test4,true
AOIS_1,addInformativeAtt,test4,true
AOIS_1,addClassSample,test4,true
AOIS_1,removeClass,test4,true
AOIS_1,removeSample,test4,true
AOIS_1,affineTransformation,test5,true
AOIS_1,permuteAttribute,test5,true
AOIS_1,addUninformativeAtt,test5,true
AOIS_1,rePrediction,test5,true
AOIS_1,addSample,test5,true
AOIS_1,addClassRelabelSample,test5,true
AOIS_1,permuteClasslabel,test5,true
AOIS_1,addInformativeAtt,test5,true
AOIS_1,addClassSample,test5,true
AOIS_1,removeClass,test5,true
AOIS_1,removeSample,test5,true
AOIS_1,affineTransformation,test6,true
AOIS_1,permuteAttribute,test6,false
AOIS_1,addUninformativeAtt,test6,true
AOIS_1,rePrediction,test6,true
AOIS_1,addSample,test6,true
AOIS_1,addClassRelabelSample,test6,true
AOIS_1,permuteClasslabel,test6,true
AOIS_1,addInformativeAtt,test6,true
AOIS_1,addClassSample,test6,true
AOIS_1,removeClass,test6,true
AOIS_1,removeSample,test6,true
AOIS_1,affineTransformation,test7,true
AOIS_1,permuteAttribute,test7,false
AOIS_1,addUninformativeAtt,test7,true
AOIS_1,rePrediction,test7,true
AOIS_1,addSample,test7,true
AOIS_1,addClassRelabelSample,test7,true
AOIS_1,permuteClasslabel,test7,true
AOIS_1,addInformativeAtt,test7,true
AOIS_1,addClassSample,test7,true
AOIS_1,removeClass,test7,true
AOIS_1,removeSample,test7,true
AOIS_1,affineTransformation,test8,true
AOIS_1,permuteAttribute,test8,true
AOIS_1,addUninformativeAtt,test8,true
AOIS_1,rePrediction,test8,true
AOIS_1,addSample,test8,true
AOIS_1,addClassRelabelSample,test8,true
AOIS_1,permuteClasslabel,test8,true
AOIS_1,addInformativeAtt,test8,true
AOIS_1,addClassSample,test8,true
AOIS_1,removeClass,test8,true
AOIS_1,removeSample,test8,true
AOIS_1,affineTransformation,test9,true
AOIS_1,permuteAttribute,test9,true
AOIS_1,addUninformativeAtt,test9,true
AOIS_1,rePrediction,test9,true
AOIS_1,addSample,test9,true
AOIS_1,addClassRelabelSample,test9,true
AOIS_1,permuteClasslabel,test9,true
AOIS_1,addInformativeAtt,test9,true
AOIS_1,addClassSample,test9,true
AOIS_1,removeClass,test9,true
AOIS_1,removeSample,test9,true
AOIS_1,affineTransformation,test10,true
AOIS_1,permuteAttribute,test10,false
AOIS_1,addUninformativeAtt,test10,true
AOIS_1,rePrediction,test10,true
AOIS_1,addSample,test10,true
AOIS_1,addClassRelabelSample,test10,true
AOIS_1,permuteClasslabel,test10,true
AOIS_1,addInformativeAtt,test10,true
AOIS_1,addClassSample,test10,true
AOIS_1,removeClass,test10,true
AOIS_1,removeSample,test10,true
AOIS_11,affineTransformation,test1,true
AOIS_11,permuteAttribute,test1,true
AOIS_11,addUninformativeAtt,test1,true
AOIS_11,rePrediction,test1,true
AOIS_11,addSample,test1,true
AOIS_11,addClassRelabelSample,test1,true
AOIS_11,permuteClasslabel,test1,true
AOIS_11,addInformativeAtt,test1,true
AOIS_11,addClassSample,test1,true
AOIS_11,removeClass,test1,true
AOIS_11,removeSample,test1,true
AOIS_11,affineTransformation,test2,true
AOIS_11,permuteAttribute,test2,false
AOIS_11,addUninformativeAtt,test2,true
AOIS_11,rePrediction,test2,true
AOIS_11,addSample,test2,true
AOIS_11,addClassRelabelSample,test2,true
AOIS_11,permuteClasslabel,test2,true
AOIS_11,addInformativeAtt,test2,true
AOIS_11,addClassSample,test2,true
AOIS_11,removeClass,test2,true
AOIS_11,removeSample,test2,true
AOIS_11,affineTransformation,test3,true
AOIS_11,permuteAttribute,test3,false
AOIS_11,addUninformativeAtt,test3,true
AOIS_11,rePrediction,test3,true
AOIS_11,addSample,test3,true
AOIS_11,addClassRelabelSample,test3,true
AOIS_11,permuteClasslabel,test3,true
AOIS_11,addInformativeAtt,test3,true
AOIS_11,addClassSample,test3,true
AOIS_11,removeClass,test3,true
AOIS_11,removeSample,test3,true
AOIS_11,affineTransformation,test4,true
AOIS_11,permuteAttribute,test4,false
AOIS_11,addUninformativeAtt,test4,true
AOIS_11,rePrediction,test4,true
AOIS_11,addSample,test4,true
AOIS_11,addClassRelabelSample,test4,true
AOIS_11,permuteClasslabel,test4,true
AOIS_11,addInformativeAtt,test4,true
AOIS_11,addClassSample,test4,true
AOIS_11,removeClass,test4,true
AOIS_11,removeSample,test4,true
AOIS_11,affineTransformation,test5,true
AOIS_11,permuteAttribute,test5,true
AOIS_11,addUninformativeAtt,test5,true
AOIS_11,rePrediction,test5,true
AOIS_11,addSample,test5,true
AOIS_11,addClassRelabelSample,test5,true
AOIS_11,permuteClasslabel,test5,true
AOIS_11,addInformativeAtt,test5,true
AOIS_11,addClassSample,test5,true
AOIS_11,removeClass,test5,true
AOIS_11,removeSample,test5,true
AOIS_11,affineTransformation,test6,true
AOIS_11,permuteAttribute,test6,false
AOIS_11,addUninformativeAtt,test6,true
AOIS_11,rePrediction,test6,true
AOIS_11,addSample,test6,true
AOIS_11,addClassRelabelSample,test6,true
AOIS_11,permuteClasslabel,test6,true
AOIS_11,addInformativeAtt,test6,true
AOIS_11,addClassSample,test6,true
AOIS_11,removeClass,test6,true
AOIS_11,removeSample,test6,true
AOIS_11,affineTransformation,test7,true
AOIS_11,permuteAttribute,test7,true
AOIS_11,addUninformativeAtt,test7,true
AOIS_11,rePrediction,test7,true
AOIS_11,addSample,test7,true
AOIS_11,addClassRelabelSample,test7,true
AOIS_11,permuteClasslabel,test7,true
AOIS_11,addInformativeAtt,test7,true
AOIS_11,addClassSample,test7,true
AOIS_11,removeClass,test7,true
AOIS_11,removeSample,test7,true
AOIS_11,affineTransformation,test8,true
AOIS_11,permuteAttribute,test8,false
AOIS_11,addUninformativeAtt,test8,true
AOIS_11,rePrediction,test8,true
AOIS_11,addSample,test8,true
AOIS_11,addClassRelabelSample,test8,true
AOIS_11,permuteClasslabel,test8,true
AOIS_11,addInformativeAtt,test8,true
AOIS_11,addClassSample,test8,true
AOIS_11,removeClass,test8,true
AOIS_11,removeSample,test8,true
AOIS_11,affineTransformation,test9,true
AOIS_11,permuteAttribute,test9,true
AOIS_11,addUninformativeAtt,test9,true
AOIS_11,rePrediction,test9,true
AOIS_11,addSample,test9,true
AOIS_11,addClassRelabelSample,test9,true
AOIS_11,permuteClasslabel,test9,true
AOIS_11,addInformativeAtt,test9,true
AOIS_11,addClassSample,test9,true
AOIS_11,removeClass,test9,true
AOIS_11,removeSample,test9,true
AOIS_11,affineTransformation,test10,true
AOIS_11,permuteAttribute,test10,false
AOIS_11,addUninformativeAtt,test10,true
AOIS_11,rePrediction,test10,true
AOIS_11,addSample,test10,true
AOIS_11,addClassRelabelSample,test10,true
AOIS_11,permuteClasslabel,test10,true
AOIS_11,addInformativeAtt,test10,true
AOIS_11,addClassSample,test10,true
AOIS_11,removeClass,test10,true
AOIS_11,removeSample,test10,true
AOIS_3,affineTransformation,test1,true
AOIS_3,permuteAttribute,test1,false
AOIS_3,rePrediction,test1,true
AOIS_3,addSample,test1,true
AOIS_3,addClassRelabelSample,test1,true
AOIS_3,permuteClasslabel,test1,true
AOIS_3,addClassSample,test1,true
AOIS_3,removeClass,test1,true
AOIS_3,removeSample,test1,true
AOIS_3,affineTransformation,test2,true
AOIS_3,permuteAttribute,test2,false
AOIS_3,rePrediction,test2,true
AOIS_3,addSample,test2,true
AOIS_3,addClassRelabelSample,test2,true
AOIS_3,permuteClasslabel,test2,true
AOIS_3,addClassSample,test2,true
AOIS_3,removeClass,test2,true
AOIS_3,removeSample,test2,true
AOIS_3,affineTransformation,test3,true
AOIS_3,permuteAttribute,test3,false
AOIS_3,rePrediction,test3,true
AOIS_3,addSample,test3,true
AOIS_3,addClassRelabelSample,test3,true
AOIS_3,permuteClasslabel,test3,true
AOIS_3,addClassSample,test3,true
AOIS_3,removeClass,test3,true
AOIS_3,removeSample,test3,true
AOIS_3,affineTransformation,test4,true
AOIS_3,permuteAttribute,test4,true
AOIS_3,rePrediction,test4,true
AOIS_3,addSample,test4,true
AOIS_3,addClassRelabelSample,test4,true
AOIS_3,permuteClasslabel,test4,true
AOIS_3,addClassSample,test4,true
AOIS_3,removeClass,test4,true
AOIS_3,removeSample,test4,true
AOIS_3,affineTransformation,test5,true
AOIS_3,permuteAttribute,test5,true
AOIS_3,rePrediction,test5,true
AOIS_3,addSample,test5,true
AOIS_3,addClassRelabelSample,test5,true
AOIS_3,permuteClasslabel,test5,true
AOIS_3,addClassSample,test5,true
AOIS_3,removeClass,test5,true
AOIS_3,removeSample,test5,true
AOIS_3,affineTransformation,test6,true
AOIS_3,permuteAttribute,test6,false
AOIS_3,rePrediction,test6,true
AOIS_3,addSample,test6,true
AOIS_3,addClassRelabelSample,test6,false
AOIS_3,permuteClasslabel,test6,true
AOIS_3,addClassSample,test6,true
AOIS_3,removeClass,test6,true
AOIS_3,removeSample,test6,true
AOIS_3,affineTransformation,test7,true
AOIS_3,permuteAttribute,test7,true
AOIS_3,rePrediction,test7,true
AOIS_3,addSample,test7,true
AOIS_3,addClassRelabelSample,test7,true
AOIS_3,permuteClasslabel,test7,true
AOIS_3,addClassSample,test7,true
AOIS_3,removeClass,test7,true
AOIS_3,removeSample,test7,true
AOIS_3,affineTransformation,test8,true
AOIS_3,permuteAttribute,test8,true
AOIS_3,rePrediction,test8,true
AOIS_3,addSample,test8,true
AOIS_3,addClassRelabelSample,test8,true
AOIS_3,permuteClasslabel,test8,true
AOIS_3,addClassSample,test8,true
AOIS_3,removeClass,test8,true
AOIS_3,removeSample,test8,true
AOIS_3,affineTransformation,test9,true
AOIS_3,permuteAttribute,test9,true
AOIS_3,rePrediction,test9,true
AOIS_3,addSample,test9,true
AOIS_3,addClassRelabelSample,test9,true
AOIS_3,permuteClasslabel,test9,true
AOIS_3,addClassSample,test9,false
AOIS_3,removeClass,test9,true
AOIS_3,removeSample,test9,true
AOIS_3,affineTransformation,test10,true
AOIS_3,permuteAttribute,test10,false
AOIS_3,rePrediction,test10,true
AOIS_3,addSample,test10,true
AOIS_3,addClassRelabelSample,test10,true
AOIS_3,permuteClasslabel,test10,true
AOIS_3,addClassSample,test10,true
AOIS_3,removeClass,test10,true
AOIS_3,removeSample,test10,true
AOIS_9,affineTransformation,test1,true
AOIS_9,permuteAttribute,test1,false
AOIS_9,rePrediction,test1,true
AOIS_9,addSample,test1,true
AOIS_9,addClassRelabelSample,test1,true
AOIS_9,permuteClasslabel,test1,true
AOIS_9,addClassSample,test1,true
AOIS_9,removeClass,test1,true
AOIS_9,removeSample,test1,true
AOIS_9,affineTransformation,test2,true
AOIS_9,permuteAttribute,test2,true
AOIS_9,rePrediction,test2,true
AOIS_9,addSample,test2,true
AOIS_9,addClassRelabelSample,test2,true
AOIS_9,permuteClasslabel,test2,true
AOIS_9,addClassSample,test2,true
AOIS_9,removeClass,test2,true
AOIS_9,removeSample,test2,true
AOIS_9,affineTransformation,test3,true
AOIS_9,permuteAttribute,test3,false
AOIS_9,rePrediction,test3,true
AOIS_9,addSample,test3,true
AOIS_9,addClassRelabelSample,test3,true
AOIS_9,permuteClasslabel,test3,true
AOIS_9,addClassSample,test3,true
AOIS_9,removeClass,test3,true
AOIS_9,removeSample,test3,true
AOIS_9,affineTransformation,test4,true
AOIS_9,permuteAttribute,test4,true
AOIS_9,rePrediction,test4,true
AOIS_9,addSample,test4,true
AOIS_9,addClassRelabelSample,test4,true
AOIS_9,permuteClasslabel,test4,true
AOIS_9,addClassSample,test4,true
AOIS_9,removeClass,test4,true
AOIS_9,removeSample,test4,true
AOIS_9,affineTransformation,test5,true
AOIS_9,permuteAttribute,test5,false
AOIS_9,rePrediction,test5,true
AOIS_9,addSample,test5,true
AOIS_9,addClassRelabelSample,test5,true
AOIS_9,permuteClasslabel,test5,true
AOIS_9,addClassSample,test5,true
AOIS_9,removeClass,test5,true
AOIS_9,removeSample,test5,true
AOIS_9,affineTransformation,test6,true
AOIS_9,permuteAttribute,test6,true
AOIS_9,rePrediction,test6,true
AOIS_9,addSample,test6,true
AOIS_9,addClassRelabelSample,test6,true
AOIS_9,permuteClasslabel,test6,true
AOIS_9,addClassSample,test6,true
AOIS_9,removeClass,test6,true
AOIS_9,removeSample,test6,true
AOIS_9,affineTransformation,test7,true
AOIS_9,permuteAttribute,test7,true
AOIS_9,rePrediction,test7,true
AOIS_9,addSample,test7,true
AOIS_9,addClassRelabelSample,test7,true
AOIS_9,permuteClasslabel,test7,true
AOIS_9,addClassSample,test7,true
AOIS_9,removeClass,test7,true
AOIS_9,removeSample,test7,true
AOIS_9,affineTransformation,test8,true
AOIS_9,permuteAttribute,test8,true
AOIS_9,rePrediction,test8,true
AOIS_9,addSample,test8,true
AOIS_9,addClassRelabelSample,test8,true
AOIS_9,permuteClasslabel,test8,true
AOIS_9,addClassSample,test8,true
AOIS_9,removeClass,test8,true
AOIS_9,removeSample,test8,true
AOIS_9,affineTransformation,test9,true
AOIS_9,permuteAttribute,test9,false
AOIS_9,rePrediction,test9,true
AOIS_9,addSample,test9,true
AOIS_9,addClassRelabelSample,test9,true
AOIS_9,permuteClasslabel,test9,true
AOIS_9,addClassSample,test9,true
AOIS_9,removeClass,test9,true
AOIS_9,removeSample,test9,true
AOIS_9,affineTransformation,test10,true
AOIS_9,permuteAttribute,test10,true
AOIS_9,rePrediction,test10,true
AOIS_9,addSample,test10,true
AOIS_9,addClassRelabelSample,test10,true
AOIS_9,permuteClasslabel,test10,true
AOIS_9,addClassSample,test10,true
AOIS_9,removeClass,test10,true
AOIS_9,removeSample,test10,true
AOIU_2,affineTransformation,test1,true
AOIU_2,permuteAttribute,test1,true
AOIU_2,addUninformativeAtt,test1,true
AOIU_2,rePrediction,test1,true
AOIU_2,addSample,test1,true
AOIU_2,addClassRelabelSample,test1,true
AOIU_2,permuteClasslabel,test1,true
AOIU_2,addInformativeAtt,test1,true
AOIU_2,addClassSample,test1,false
AOIU_2,removeClass,test1,true
AOIU_2,removeSample,test1,true
AOIU_2,affineTransformation,test2,true
AOIU_2,permuteAttribute,test2,true
AOIU_2,addUninformativeAtt,test2,true
AOIU_2,rePrediction,test2,true
AOIU_2,addSample,test2,true
AOIU_2,addClassRelabelSample,test2,true
AOIU_2,permuteClasslabel,test2,false
AOIU_2,addInformativeAtt,test2,true
AOIU_2,addClassSample,test2,false
AOIU_2,removeClass,test2,true
AOIU_2,removeSample,test2,true
AOIU_2,affineTransformation,test3,true
AOIU_2,permuteAttribute,test3,true
AOIU_2,addUninformativeAtt,test3,true
AOIU_2,rePrediction,test3,true
AOIU_2,addSample,test3,true
AOIU_2,addClassRelabelSample,test3,true
AOIU_2,permuteClasslabel,test3,true
AOIU_2,addInformativeAtt,test3,true
AOIU_2,addClassSample,test3,true
AOIU_2,removeClass,test3,true
AOIU_2,removeSample,test3,true
AOIU_2,affineTransformation,test4,true
AOIU_2,permuteAttribute,test4,true
AOIU_2,addUninformativeAtt,test4,true
AOIU_2,rePrediction,test4,true
AOIU_2,addSample,test4,true
AOIU_2,addClassRelabelSample,test4,true
AOIU_2,permuteClasslabel,test4,true
AOIU_2,addInformativeAtt,test4,true
AOIU_2,addClassSample,test4,true
AOIU_2,removeClass,test4,true
AOIU_2,removeSample,test4,true
AOIU_2,affineTransformation,test5,true
AOIU_2,permuteAttribute,test5,true
AOIU_2,addUninformativeAtt,test5,true
AOIU_2,rePrediction,test5,true
AOIU_2,addSample,test5,true
AOIU_2,addClassRelabelSample,test5,true
AOIU_2,permuteClasslabel,test5,true
AOIU_2,addInformativeAtt,test5,true
AOIU_2,addClassSample,test5,true
AOIU_2,removeClass,test5,true
AOIU_2,removeSample,test5,true
AOIU_2,affineTransformation,test6,true
AOIU_2,permuteAttribute,test6,true
AOIU_2,addUninformativeAtt,test6,true
AOIU_2,rePrediction,test6,true
AOIU_2,addSample,test6,true
AOIU_2,addClassRelabelSample,test6,true
AOIU_2,permuteClasslabel,test6,true
AOIU_2,addInformativeAtt,test6,true
AOIU_2,addClassSample,test6,true
AOIU_2,removeClass,test6,true
AOIU_2,removeSample,test6,true
AOIU_2,affineTransformation,test7,true
AOIU_2,permuteAttribute,test7,true
AOIU_2,addUninformativeAtt,test7,true
AOIU_2,rePrediction,test7,true
AOIU_2,addSample,test7,true
AOIU_2,addClassRelabelSample,test7,true
AOIU_2,permuteClasslabel,test7,false
AOIU_2,addInformativeAtt,test7,true
AOIU_2,addClassSample,test7,false
AOIU_2,removeClass,test7,true
AOIU_2,removeSample,test7,true
AOIU_2,affineTransformation,test8,true
AOIU_2,permuteAttribute,test8,true
AOIU_2,addUninformativeAtt,test8,true
AOIU_2,rePrediction,test8,true
AOIU_2,addSample,test8,true
AOIU_2,addClassRelabelSample,test8,true
AOIU_2,permuteClasslabel,test8,true
AOIU_2,addInformativeAtt,test8,true
AOIU_2,addClassSample,test8,false
AOIU_2,removeClass,test8,true
AOIU_2,removeSample,test8,true
AOIU_2,affineTransformation,test9,true
AOIU_2,permuteAttribute,test9,true
AOIU_2,addUninformativeAtt,test9,true
AOIU_2,rePrediction,test9,true
AOIU_2,addSample,test9,true
AOIU_2,addClassRelabelSample,test9,true
AOIU_2,permuteClasslabel,test9,true
AOIU_2,addInformativeAtt,test9,true
AOIU_2,addClassSample,test9,false
AOIU_2,removeClass,test9,true
AOIU_2,removeSample,test9,true
AOIU_2,affineTransformation,test10,true
AOIU_2,permuteAttribute,test10,true
AOIU_2,addUninformativeAtt,test10,true
AOIU_2,rePrediction,test10,true
AOIU_2,addSample,test10,true
AOIU_2,addClassRelabelSample,test10,true
AOIU_2,permuteClasslabel,test10,false
AOIU_2,addInformativeAtt,test10,true
AOIU_2,addClassSample,test10,false
AOIU_2,removeClass,test10,true
AOIU_2,removeSample,test10,true
AORB_1,affineTransformation,test1,true
AORB_1,permuteAttribute,test1,true
AORB_1,addUninformativeAtt,test1,true
AORB_1,rePrediction,test1,true
AORB_1,addSample,test1,true
AORB_1,addClassRelabelSample,test1,true
AORB_1,permuteClasslabel,test1,true
AORB_1,addInformativeAtt,test1,true
AORB_1,addClassSample,test1,true
AORB_1,removeClass,test1,true
AORB_1,removeSample,test1,true
AORB_1,affineTransformation,test2,true
AORB_1,permuteAttribute,test2,true
AORB_1,addUninformativeAtt,test2,true
AORB_1,rePrediction,test2,true
AORB_1,addSample,test2,true
AORB_1,addClassRelabelSample,test2,true
AORB_1,permuteClasslabel,test2,true
AORB_1,addInformativeAtt,test2,true
AORB_1,addClassSample,test2,true
AORB_1,removeClass,test2,true
AORB_1,removeSample,test2,true
AORB_1,affineTransformation,test3,true
AORB_1,permuteAttribute,test3,true
AORB_1,addUninformativeAtt,test3,true
AORB_1,rePrediction,test3,true
AORB_1,addSample,test3,true
AORB_1,addClassRelabelSample,test3,true
AORB_1,permuteClasslabel,test3,true
AORB_1,addInformativeAtt,test3,true
AORB_1,addClassSample,test3,true
AORB_1,removeClass,test3,true
AORB_1,removeSample,test3,true
AORB_1,affineTransformation,test4,true
AORB_1,permuteAttribute,test4,true
AORB_1,addUninformativeAtt,test4,true
AORB_1,rePrediction,test4,true
AORB_1,addSample,test4,true
AORB_1,addClassRelabelSample,test4,true
AORB_1,permuteClasslabel,test4,true
AORB_1,addInformativeAtt,test4,true
AORB_1,addClassSample,test4,true
AORB_1,removeClass,test4,true
AORB_1,removeSample,test4,true
AORB_1,affineTransformation,test5,true
AORB_1,permuteAttribute,test5,true
AORB_1,addUninformativeAtt,test5,true
AORB_1,rePrediction,test5,true
AORB_1,addSample,test5,true
AORB_1,addClassRelabelSample,test5,true
AORB_1,permuteClasslabel,test5,true
AORB_1,addInformativeAtt,test5,true
AORB_1,addClassSample,test5,true
AORB_1,removeClass,test5,true
AORB_1,removeSample,test5,true
AORB_1,affineTransformation,test6,true
AORB_1,permuteAttribute,test6,true
AORB_1,addUninformativeAtt,test6,true
AORB_1,rePrediction,test6,true
AORB_1,addSample,test6,true
AORB_1,addClassRelabelSample,test6,true
AORB_1,permuteClasslabel,test6,true
AORB_1,addInformativeAtt,test6,true
AORB_1,addClassSample,test6,true
AORB_1,removeClass,test6,true
AORB_1,removeSample,test6,true
AORB_1,affineTransformation,test7,true
AORB_1,permuteAttribute,test7,true
AORB_1,addUninformativeAtt,test7,true
AORB_1,rePrediction,test7,true
AORB_1,addSample,test7,true
AORB_1,addClassRelabelSample,test7,true
AORB_1,permuteClasslabel,test7,true
AORB_1,addInformativeAtt,test7,true
AORB_1,addClassSample,test7,true
AORB_1,removeClass,test7,true
AORB_1,removeSample,test7,true
AORB_1,affineTransformation,test8,true
AORB_1,permuteAttribute,test8,true
AORB_1,addUninformativeAtt,test8,true
AORB_1,rePrediction,test8,true
AORB_1,addSample,test8,true
AORB_1,addClassRelabelSample,test8,false
AORB_1,permuteClasslabel,test8,true
AORB_1,addInformativeAtt,test8,true
AORB_1,addClassSample,test8,true
AORB_1,removeClass,test8,true
AORB_1,removeSample,test8,true
AORB_1,affineTransformation,test9,true
AORB_1,permuteAttribute,test9,true
AORB_1,addUninformativeAtt,test9,true
AORB_1,rePrediction,test9,true
AORB_1,addSample,test9,true
AORB_1,addClassRelabelSample,test9,true
AORB_1,permuteClasslabel,test9,true
AORB_1,addInformativeAtt,test9,true
AORB_1,addClassSample,test9,true
AORB_1,removeClass,test9,true
AORB_1,removeSample,test9,true
AORB_1,affineTransformation,test10,true
AORB_1,permuteAttribute,test10,true
AORB_1,addUninformativeAtt,test10,true
AORB_1,rePrediction,test10,true
AORB_1,addSample,test10,true
AORB_1,addClassRelabelSample,test10,true
AORB_1,permuteClasslabel,test10,true
AORB_1,addInformativeAtt,test10,true
AORB_1,addClassSample,test10,true
AORB_1,removeClass,test10,true
AORB_1,removeSample,test10,true
AORB_2,affineTransformation,test1,true
AORB_2,permuteAttribute,test1,true
AORB_2,addUninformativeAtt,test1,true
AORB_2,rePrediction,test1,true
AORB_2,addSample,test1,true
AORB_2,addClassRelabelSample,test1,true
AORB_2,permuteClasslabel,test1,true
AORB_2,addInformativeAtt,test1,true
AORB_2,addClassSample,test1,true
AORB_2,removeClass,test1,true
AORB_2,removeSample,test1,true
AORB_2,affineTransformation,test2,true
AORB_2,permuteAttribute,test2,true
AORB_2,addUninformativeAtt,test2,true
AORB_2,rePrediction,test2,true
AORB_2,addSample,test2,true
AORB_2,addClassRelabelSample,test2,true
AORB_2,permuteClasslabel,test2,true
AORB_2,addInformativeAtt,test2,true
AORB_2,addClassSample,test2,true
AORB_2,removeClass,test2,true
AORB_2,removeSample,test2,true
AORB_2,affineTransformation,test3,true
AORB_2,permuteAttribute,test3,true
AORB_2,addUninformativeAtt,test3,true
AORB_2,rePrediction,test3,true
AORB_2,addSample,test3,true
AORB_2,addClassRelabelSample,test3,true
AORB_2,permuteClasslabel,test3,true
AORB_2,addInformativeAtt,test3,true
AORB_2,addClassSample,test3,true
AORB_2,removeClass,test3,true
AORB_2,removeSample,test3,true
AORB_2,affineTransformation,test4,true
AORB_2,permuteAttribute,test4,true
AORB_2,addUninformativeAtt,test4,true
AORB_2,rePrediction,test4,true
AORB_2,addSample,test4,true
AORB_2,addClassRelabelSample,test4,true
AORB_2,permuteClasslabel,test4,true
AORB_2,addInformativeAtt,test4,true
AORB_2,addClassSample,test4,true
AORB_2,removeClass,test4,true
AORB_2,removeSample,test4,true
AORB_2,affineTransformation,test5,true
AORB_2,permuteAttribute,test5,true
AORB_2,addUninformativeAtt,test5,true
AORB_2,rePrediction,test5,true
AORB_2,addSample,test5,true
AORB_2,addClassRelabelSample,test5,true
AORB_2,permuteClasslabel,test5,true
AORB_2,addInformativeAtt,test5,true
AORB_2,addClassSample,test5,true
AORB_2,removeClass,test5,true
AORB_2,removeSample,test5,true
AORB_2,affineTransformation,test6,true
AORB_2,permuteAttribute,test6,true
AORB_2,addUninformativeAtt,test6,true
AORB_2,rePrediction,test6,true
AORB_2,addSample,test6,true
AORB_2,addClassRelabelSample,test6,true
AORB_2,permuteClasslabel,test6,true
AORB_2,addInformativeAtt,test6,true
AORB_2,addClassSample,test6,true
AORB_2,removeClass,test6,true
AORB_2,removeSample,test6,true
AORB_2,affineTransformation,test7,true
AORB_2,permuteAttribute,test7,true
AORB_2,addUninformativeAtt,test7,true
AORB_2,rePrediction,test7,true
AORB_2,addSample,test7,true
AORB_2,addClassRelabelSample,test7,true
AORB_2,permuteClasslabel,test7,true
AORB_2,addInformativeAtt,test7,true
AORB_2,addClassSample,test7,true
AORB_2,removeClass,test7,true
AORB_2,removeSample,test7,true
AORB_2,affineTransformation,test8,true
AORB_2,permuteAttribute,test8,true
AORB_2,addUninformativeAtt,test8,true
AORB_2,rePrediction,test8,true
AORB_2,addSample,test8,true
AORB_2,addClassRelabelSample,test8,true
AORB_2,permuteClasslabel,test8,true
AORB_2,addInformativeAtt,test8,true
AORB_2,addClassSample,test8,true
AORB_2,removeClass,test8,true
AORB_2,removeSample,test8,true
AORB_2,affineTransformation,test9,true
AORB_2,permuteAttribute,test9,true
AORB_2,addUninformativeAtt,test9,true
AORB_2,rePrediction,test9,true
AORB_2,addSample,test9,true
AORB_2,addClassRelabelSample,test9,true
AORB_2,permuteClasslabel,test9,true
AORB_2,addInformativeAtt,test9,true
AORB_2,addClassSample,test9,true
AORB_2,removeClass,test9,true
AORB_2,removeSample,test9,true
AORB_2,affineTransformation,test10,true
AORB_2,permuteAttribute,test10,true
AORB_2,addUninformativeAtt,test10,true
AORB_2,rePrediction,test10,true
AORB_2,addSample,test10,true
AORB_2,addClassRelabelSample,test10,true
AORB_2,permuteClasslabel,test10,true
AORB_2,addInformativeAtt,test10,true
AORB_2,addClassSample,test10,true
AORB_2,removeClass,test10,true
AORB_2,removeSample,test10,true
AORB_4,affineTransformation,test1,true
AORB_4,permuteAttribute,test1,true
AORB_4,addUninformativeAtt,test1,true
AORB_4,rePrediction,test1,true
AORB_4,addSample,test1,true
AORB_4,addClassRelabelSample,test1,true
AORB_4,permuteClasslabel,test1,true
AORB_4,addInformativeAtt,test1,true
AORB_4,addClassSample,test1,true
AORB_4,removeClass,test1,true
AORB_4,removeSample,test1,true
AORB_4,affineTransformation,test2,true
AORB_4,permuteAttribute,test2,true
AORB_4,addUninformativeAtt,test2,true
AORB_4,rePrediction,test2,true
AORB_4,addSample,test2,true
AORB_4,addClassRelabelSample,test2,true
AORB_4,permuteClasslabel,test2,true
AORB_4,addInformativeAtt,test2,true
AORB_4,addClassSample,test2,true
AORB_4,removeClass,test2,false
AORB_4,removeSample,test2,true
AORB_4,affineTransformation,test3,true
AORB_4,permuteAttribute,test3,true
AORB_4,addUninformativeAtt,test3,true
AORB_4,rePrediction,test3,true
AORB_4,addSample,test3,true
AORB_4,addClassRelabelSample,test3,true
AORB_4,permuteClasslabel,test3,true
AORB_4,addInformativeAtt,test3,true
AORB_4,addClassSample,test3,true
AORB_4,removeClass,test3,true
AORB_4,removeSample,test3,true
AORB_4,affineTransformation,test4,true
AORB_4,permuteAttribute,test4,true
AORB_4,addUninformativeAtt,test4,true
AORB_4,rePrediction,test4,true
AORB_4,addSample,test4,true
AORB_4,addClassRelabelSample,test4,true
AORB_4,permuteClasslabel,test4,true
AORB_4,addInformativeAtt,test4,true
AORB_4,addClassSample,test4,true
AORB_4,removeClass,test4,true
AORB_4,removeSample,test4,true
AORB_4,affineTransformation,test5,true
AORB_4,permuteAttribute,test5,true
AORB_4,addUninformativeAtt,test5,true
AORB_4,rePrediction,test5,true
AORB_4,addSample,test5,true
AORB_4,addClassRelabelSample,test5,true
AORB_4,permuteClasslabel,test5,true
AORB_4,addInformativeAtt,test5,true
AORB_4,addClassSample,test5,true
AORB_4,removeClass,test5,true
AORB_4,removeSample,test5,true
AORB_4,affineTransformation,test6,true
AORB_4,permuteAttribute,test6,true
AORB_4,addUninformativeAtt,test6,true
AORB_4,rePrediction,test6,true
AORB_4,addSample,test6,true
AORB_4,addClassRelabelSample,test6,true
AORB_4,permuteClasslabel,test6,true
AORB_4,addInformativeAtt,test6,true
AORB_4,addClassSample,test6,true
AORB_4,removeClass,test6,true
AORB_4,removeSample,test6,true
AORB_4,affineTransformation,test7,true
AORB_4,permuteAttribute,test7,true
AORB_4,addUninformativeAtt,test7,true
AORB_4,rePrediction,test7,true
AORB_4,addSample,test7,true
AORB_4,addClassRelabelSample,test7,true
AORB_4,permuteClasslabel,test7,true
AORB_4,addInformativeAtt,test7,true
AORB_4,addClassSample,test7,true
AORB_4,removeClass,test7,true
AORB_4,removeSample,test7,true
AORB_4,affineTransformation,test8,true
AORB_4,permuteAttribute,test8,true
AORB_4,addUninformativeAtt,test8,true
AORB_4,rePrediction,test8,true
AORB_4,addSample,test8,true
AORB_4,addClassRelabelSample,test8,true
AORB_4,permuteClasslabel,test8,true
AORB_4,addInformativeAtt,test8,true
AORB_4,addClassSample,test8,true
AORB_4,removeClass,test8,true
AORB_4,removeSample,test8,true
AORB_4,affineTransformation,test9,true
AORB_4,permuteAttribute,test9,true
AORB_4,addUninformativeAtt,test9,true
AORB_4,rePrediction,test9,true
AORB_4,addSample,test9,true
AORB_4,addClassRelabelSample,test9,true
AORB_4,permuteClasslabel,test9,true
AORB_4,addInformativeAtt,test9,true
AORB_4,addClassSample,test9,true
AORB_4,removeClass,test9,true
AORB_4,removeSample,test9,true
AORB_4,affineTransformation,test10,true
AORB_4,permuteAttribute,test10,true
AORB_4,addUninformativeAtt,test10,true
AORB_4,rePrediction,test10,true
AORB_4,addSample,test10,true
AORB_4,addClassRelabelSample,test10,true
AORB_4,permuteClasslabel,test10,true
AORB_4,addInformativeAtt,test10,true
AORB_4,addClassSample,test10,true
AORB_4,removeClass,test10,true
AORB_4,removeSample,test10,true
CDL_18,affineTransformation,test1,true
CDL_18,permuteAttribute,test1,true
CDL_18,addUninformativeAtt,test1,true
CDL_18,rePrediction,test1,true
CDL_18,addSample,test1,true
CDL_18,addClassRelabelSample,test1,true
CDL_18,permuteClasslabel,test1,true
CDL_18,addInformativeAtt,test1,true
CDL_18,addClassSample,test1,true
CDL_18,removeClass,test1,true
CDL_18,removeSample,test1,true
CDL_18,affineTransformation,test2,true
CDL_18,permuteAttribute,test2,true
CDL_18,addUninformativeAtt,test2,true
CDL_18,rePrediction,test2,true
CDL_18,addSample,test2,true
CDL_18,addClassRelabelSample,test2,true
CDL_18,permuteClasslabel,test2,true
CDL_18,addInformativeAtt,test2,true
CDL_18,addClassSample,test2,true
CDL_18,removeClass,test2,true
CDL_18,removeSample,test2,true
CDL_18,affineTransformation,test3,true
CDL_18,permuteAttribute,test3,true
CDL_18,addUninformativeAtt,test3,true
CDL_18,rePrediction,test3,true
CDL_18,addSample,test3,true
CDL_18,addClassRelabelSample,test3,true
CDL_18,permuteClasslabel,test3,true
CDL_18,addInformativeAtt,test3,true
CDL_18,addClassSample,test3,true
CDL_18,removeClass,test3,true
CDL_18,removeSample,test3,true
CDL_18,affineTransformation,test4,true
CDL_18,permuteAttribute,test4,true
CDL_18,addUninformativeAtt,test4,true
CDL_18,rePrediction,test4,true
CDL_18,addSample,test4,true
CDL_18,addClassRelabelSample,test4,true
CDL_18,permuteClasslabel,test4,true
CDL_18,addInformativeAtt,test4,true
CDL_18,addClassSample,test4,true
CDL_18,removeClass,test4,false
CDL_18,removeSample,test4,false
CDL_18,affineTransformation,test5,true
CDL_18,permuteAttribute,test5,true
CDL_18,addUninformativeAtt,test5,true
CDL_18,rePrediction,test5,true
CDL_18,addSample,test5,true
CDL_18,addClassRelabelSample,test5,true
CDL_18,permuteClasslabel,test5,true
CDL_18,addInformativeAtt,test5,true
CDL_18,addClassSample,test5,true
CDL_18,removeClass,test5,true
CDL_18,removeSample,test5,true
CDL_18,affineTransformation,test6,true
CDL_18,permuteAttribute,test6,true
CDL_18,addUninformativeAtt,test6,true
CDL_18,rePrediction,test6,true
CDL_18,addSample,test6,true
CDL_18,addClassRelabelSample,test6,true
CDL_18,permuteClasslabel,test6,true
CDL_18,addInformativeAtt,test6,true
CDL_18,addClassSample,test6,true
CDL_18,removeClass,test6,true
CDL_18,removeSample,test6,true
CDL_18,affineTransformation,test7,true
CDL_18,permuteAttribute,test7,true
CDL_18,addUninformativeAtt,test7,true
CDL_18,rePrediction,test7,true
CDL_18,addSample,test7,true
CDL_18,addClassRelabelSample,test7,true
CDL_18,permuteClasslabel,test7,true
CDL_18,addInformativeAtt,test7,true
CDL_18,addClassSample,test7,true
CDL_18,removeClass,test7,true
CDL_18,removeSample,test7,true
CDL_18,affineTransformation,test8,true
CDL_18,permuteAttribute,test8,true
CDL_18,addUninformativeAtt,test8,true
CDL_18,rePrediction,test8,true
CDL_18,addSample,test8,true
CDL_18,addClassRelabelSample,test8,true
CDL_18,permuteClasslabel,test8,true
CDL_18,addInformativeAtt,test8,true
CDL_18,addClassSample,test8,true
CDL_18,removeClass,test8,true
CDL_18,removeSample,test8,true
CDL_18,affineTransformation,test9,true
CDL_18,permuteAttribute,test9,true
CDL_18,addUninformativeAtt,test9,true
CDL_18,rePrediction,test9,true
CDL_18,addSample,test9,true
CDL_18,addClassRelabelSample,test9,true
CDL_18,permuteClasslabel,test9,true
CDL_18,addInformativeAtt,test9,true
CDL_18,addClassSample,test9,true
CDL_18,removeClass,test9,true
CDL_18,removeSample,test9,true
CDL_18,affineTransformation,test10,true
CDL_18,permuteAttribute,test10,true
CDL_18,addUninformativeAtt,test10,true
CDL_18,rePrediction,test10,true
CDL_18,addSample,test10,true
CDL_18,addClassRelabelSample,test10,true
CDL_18,permuteClasslabel,test10,true
CDL_18,addInformativeAtt,test10,true
CDL_18,addClassSample,test10,true
CDL_18,removeClass,test10,true
CDL_18,removeSample,test10,true
COI_8,affineTransformation,test1,true
COI_8,permuteAttribute,test1,true
COI_8,addUninformativeAtt,test1,true
COI_8,rePrediction,test1,true
COI_8,addSample,test1,true
COI_8,addClassRelabelSample,test1,true
COI_8,permuteClasslabel,test1,true
COI_8,addInformativeAtt,test1,true
COI_8,addClassSample,test1,false
COI_8,removeClass,test1,true
COI_8,removeSample,test1,true
COI_8,affineTransformation,test2,true
COI_8,permuteAttribute,test2,true
COI_8,addUninformativeAtt,test2,true
COI_8,rePrediction,test2,true
COI_8,addSample,test2,true
COI_8,addClassRelabelSample,test2,true
COI_8,permuteClasslabel,test2,true
COI_8,addInformativeAtt,test2,true
COI_8,addClassSample,test2,false
COI_8,removeClass,test2,true
COI_8,removeSample,test2,true
COI_8,affineTransformation,test3,true
COI_8,permuteAttribute,test3,true
COI_8,addUninformativeAtt,test3,true
COI_8,rePrediction,test3,true
COI_8,addSample,test3,true
COI_8,addClassRelabelSample,test3,true
COI_8,permuteClasslabel,test3,true
COI_8,addInformativeAtt,test3,true
COI_8,addClassSample,test3,false
COI_8,removeClass,test3,true
COI_8,removeSample,test3,true
COI_8,affineTransformation,test4,true
COI_8,permuteAttribute,test4,true
COI_8,addUninformativeAtt,test4,true
COI_8,rePrediction,test4,true
COI_8,addSample,test4,true
COI_8,addClassRelabelSample,test4,true
COI_8,permuteClasslabel,test4,true
COI_8,addInformativeAtt,test4,true
COI_8,addClassSample,test4,false
COI_8,removeClass,test4,true
COI_8,removeSample,test4,true
COI_8,affineTransformation,test5,true
COI_8,permuteAttribute,test5,true
COI_8,addUninformativeAtt,test5,true
COI_8,rePrediction,test5,true
COI_8,addSample,test5,true
COI_8,addClassRelabelSample,test5,true
COI_8,permuteClasslabel,test5,true
COI_8,addInformativeAtt,test5,true
COI_8,addClassSample,test5,false
COI_8,removeClass,test5,true
COI_8,removeSample,test5,true
COI_8,affineTransformation,test6,true
COI_8,permuteAttribute,test6,true
COI_8,addUninformativeAtt,test6,true
COI_8,rePrediction,test6,true
COI_8,addSample,test6,true
COI_8,addClassRelabelSample,test6,true
COI_8,permuteClasslabel,test6,false
COI_8,addInformativeAtt,test6,true
COI_8,addClassSample,test6,false
COI_8,removeClass,test6,true
COI_8,removeSample,test6,true
COI_8,affineTransformation,test7,true
COI_8,permuteAttribute,test7,true
COI_8,addUninformativeAtt,test7,true
COI_8,rePrediction,test7,true
COI_8,addSample,test7,true
COI_8,addClassRelabelSample,test7,true
COI_8,permuteClasslabel,test7,true
COI_8,addInformativeAtt,test7,true
COI_8,addClassSample,test7,false
COI_8,removeClass,test7,true
COI_8,removeSample,test7,true
COI_8,affineTransformation,test8,true
COI_8,permuteAttribute,test8,true
COI_8,addUninformativeAtt,test8,true
COI_8,rePrediction,test8,true
COI_8,addSample,test8,true
COI_8,addClassRelabelSample,test8,true
COI_8,permuteClasslabel,test8,true
COI_8,addInformativeAtt,test8,true
COI_8,addClassSample,test8,false
COI_8,removeClass,test8,true
COI_8,removeSample,test8,true
COI_8,affineTransformation,test9,true
COI_8,permuteAttribute,test9,true
COI_8,addUninformativeAtt,test9,true
COI_8,rePrediction,test9,true
COI_8,addSample,test9,true
COI_8,addClassRelabelSample,test9,true
COI_8,permuteClasslabel,test9,true
COI_8,addInformativeAtt,test9,true
COI_8,addClassSample,test9,false
COI_8,removeClass,test9,true
COI_8,removeSample,test9,true
COI_8,affineTransformation,test10,true
COI_8,permuteAttribute,test10,true
COI_8,addUninformativeAtt,test10,true
COI_8,rePrediction,test10,true
COI_8,addSample,test10,true
COI_8,addClassRelabelSample,test10,true
COI_8,permuteClasslabel,test10,false
COI_8,addInformativeAtt,test10,true
COI_8,addClassSample,test10,false
COI_8,removeClass,test10,true
COI_8,removeSample,test10,true
LOI_2,affineTransformation,test1,true
LOI_2,permuteAttribute,test1,true
LOI_2,addUninformativeAtt,test1,true
LOI_2,rePrediction,test1,true
LOI_2,addSample,test1,true
LOI_2,addClassRelabelSample,test1,true
LOI_2,permuteClasslabel,test1,false
LOI_2,addInformativeAtt,test1,true
LOI_2,addClassSample,test1,false
LOI_2,removeClass,test1,true
LOI_2,removeSample,test1,true
LOI_2,affineTransformation,test2,true
LOI_2,permuteAttribute,test2,true
LOI_2,addUninformativeAtt,test2,true
LOI_2,rePrediction,test2,true
LOI_2,addSample,test2,true
LOI_2,addClassRelabelSample,test2,true
LOI_2,permuteClasslabel,test2,true
LOI_2,addInformativeAtt,test2,true
LOI_2,addClassSample,test2,false
LOI_2,removeClass,test2,true
LOI_2,removeSample,test2,true
LOI_2,affineTransformation,test3,true
LOI_2,permuteAttribute,test3,true
LOI_2,addUninformativeAtt,test3,true
LOI_2,rePrediction,test3,true
LOI_2,addSample,test3,true
LOI_2,addClassRelabelSample,test3,true
LOI_2,permuteClasslabel,test3,true
LOI_2,addInformativeAtt,test3,true
LOI_2,addClassSample,test3,true
LOI_2,removeClass,test3,true
LOI_2,removeSample,test3,true
LOI_2,affineTransformation,test4,true
LOI_2,permuteAttribute,test4,true
LOI_2,addUninformativeAtt,test4,true
LOI_2,rePrediction,test4,true
LOI_2,addSample,test4,true
LOI_2,addClassRelabelSample,test4,true
LOI_2,permuteClasslabel,test4,true
LOI_2,addInformativeAtt,test4,true
LOI_2,addClassSample,test4,false
LOI_2,removeClass,test4,true
LOI_2,removeSample,test4,true
LOI_2,affineTransformation,test5,true
LOI_2,permuteAttribute,test5,true
LOI_2,addUninformativeAtt,test5,true
LOI_2,rePrediction,test5,true
LOI_2,addSample,test5,true
LOI_2,addClassRelabelSample,test5,true
LOI_2,permuteClasslabel,test5,true
LOI_2,addInformativeAtt,test5,true
LOI_2,addClassSample,test5,true
LOI_2,removeClass,test5,true
LOI_2,removeSample,test5,true
LOI_2,affineTransformation,test6,true
LOI_2,permuteAttribute,test6,true
LOI_2,addUninformativeAtt,test6,true
LOI_2,rePrediction,test6,true
LOI_2,addSample,test6,true
LOI_2,addClassRelabelSample,test6,true
LOI_2,permuteClasslabel,test6,true
LOI_2,addInformativeAtt,test6,true
LOI_2,addClassSample,test6,false
LOI_2,removeClass,test6,true
LOI_2,removeSample,test6,true
LOI_2,affineTransformation,test7,true
LOI_2,permuteAttribute,test7,true
LOI_2,addUninformativeAtt,test7,true
LOI_2,rePrediction,test7,true
LOI_2,addSample,test7,true
LOI_2,addClassRelabelSample,test7,true
LOI_2,permuteClasslabel,test7,true
LOI_2,addInformativeAtt,test7,true
LOI_2,addClassSample,test7,true
LOI_2,removeClass,test7,true
LOI_2,removeSample,test7,true
LOI_2,affineTransformation,test8,true
LOI_2,permuteAttribute,test8,true
LOI_2,addUninformativeAtt,test8,true
LOI_2,rePrediction,test8,true
LOI_2,addSample,test8,true
LOI_2,addClassRelabelSample,test8,true
LOI_2,permuteClasslabel,test8,false
LOI_2,addInformativeAtt,test8,true
LOI_2,addClassSample,test8,false
LOI_2,removeClass,test8,true
LOI_2,removeSample,test8,true
LOI_2,affineTransformation,test9,true
LOI_2,permuteAttribute,test9,true
LOI_2,addUninformativeAtt,test9,true
LOI_2,rePrediction,test9,true
LOI_2,addSample,test9,true
LOI_2,addClassRelabelSample,test9,true
LOI_2,permuteClasslabel,test9,true
LOI_2,addInformativeAtt,test9,true
LOI_2,addClassSample,test9,true
LOI_2,removeClass,test9,true
LOI_2,removeSample,test9,true
LOI_2,affineTransformation,test10,true
LOI_2,permuteAttribute,test10,true
LOI_2,addUninformativeAtt,test10,true
LOI_2,rePrediction,test10,true
LOI_2,addSample,test10,true
LOI_2,addClassRelabelSample,test10,true
LOI_2,permuteClasslabel,test10,true
LOI_2,addInformativeAtt,test10,true
LOI_2,addClassSample,test10,false
LOI_2,removeClass,test10,true
LOI_2,removeSample,test10,true
ODL_25,affineTransformation,test1,true
ODL_25,permuteAttribute,test1,true
ODL_25,addUninformativeAtt,test1,true
ODL_25,rePrediction,test1,true
ODL_25,addSample,test1,true
ODL_25,addClassRelabelSample,test1,true
ODL_25,permuteClasslabel,test1,true
ODL_25,addInformativeAtt,test1,true
ODL_25,addClassSample,test1,true
ODL_25,removeClass,test1,true
ODL_25,removeSample,test1,true
ODL_25,affineTransformation,test2,true
ODL_25,permuteAttribute,test2,true
ODL_25,addUninformativeAtt,test2,true
ODL_25,rePrediction,test2,true
ODL_25,addSample,test2,true
ODL_25,addClassRelabelSample,test2,true
ODL_25,permuteClasslabel,test2,true
ODL_25,addInformativeAtt,test2,true
ODL_25,addClassSample,test2,true
ODL_25,removeClass,test2,true
ODL_25,removeSample,test2,true
ODL_25,affineTransformation,test3,true
ODL_25,permuteAttribute,test3,true
ODL_25,addUninformativeAtt,test3,true
ODL_25,rePrediction,test3,true
ODL_25,addSample,test3,true
ODL_25,addClassRelabelSample,test3,true
ODL_25,permuteClasslabel,test3,true
ODL_25,addInformativeAtt,test3,true
ODL_25,addClassSample,test3,true
ODL_25,removeClass,test3,true
ODL_25,removeSample,test3,true
ODL_25,affineTransformation,test4,true
ODL_25,permuteAttribute,test4,true
ODL_25,addUninformativeAtt,test4,true
ODL_25,rePrediction,test4,true
ODL_25,addSample,test4,true
ODL_25,addClassRelabelSample,test4,true
ODL_25,permuteClasslabel,test4,true
ODL_25,addInformativeAtt,test4,true
ODL_25,addClassSample,test4,true
ODL_25,removeClass,test4,true
ODL_25,removeSample,test4,true
ODL_25,affineTransformation,test5,true
ODL_25,permuteAttribute,test5,true
ODL_25,addUninformativeAtt,test5,true
ODL_25,rePrediction,test5,true
ODL_25,addSample,test5,true
ODL_25,addClassRelabelSample,test5,true
ODL_25,permuteClasslabel,test5,true
ODL_25,addInformativeAtt,test5,true
ODL_25,addClassSample,test5,true
ODL_25,removeClass,test5,true
ODL_25,removeSample,test5,true
ODL_25,affineTransformation,test6,true
ODL_25,permuteAttribute,test6,true
ODL_25,addUninformativeAtt,test6,true
ODL_25,rePrediction,test6,true
ODL_25,addSample,test6,true
ODL_25,addClassRelabelSample,test6,true
ODL_25,permuteClasslabel,test6,true
ODL_25,addInformativeAtt,test6,true
ODL_25,addClassSample,test6,true
ODL_25,removeClass,test6,true
ODL_25,removeSample,test6,true
ODL_25,affineTransformation,test7,true
ODL_25,permuteAttribute,test7,true
ODL_25,addUninformativeAtt,test7,true
ODL_25,rePrediction,test7,true
ODL_25,addSample,test7,true
ODL_25,addClassRelabelSample,test7,true
ODL_25,permuteClasslabel,test7,true
ODL_25,addInformativeAtt,test7,true
ODL_25,addClassSample,test7,true
ODL_25,removeClass,test7,true
ODL_25,removeSample,test7,true
ODL_25,affineTransformation,test8,true
ODL_25,permuteAttribute,test8,true
ODL_25,addUninformativeAtt,test8,true
ODL_25,rePrediction,test8,true
ODL_25,addSample,test8,true
ODL_25,addClassRelabelSample,test8,true
ODL_25,permuteClasslabel,test8,true
ODL_25,addInformativeAtt,test8,true
ODL_25,addClassSample,test8,true
ODL_25,removeClass,test8,true
ODL_25,removeSample,test8,true
ODL_25,affineTransformation,test9,true
ODL_25,permuteAttribute,test9,true
ODL_25,addUninformativeAtt,test9,true
ODL_25,rePrediction,test9,true
ODL_25,addSample,test9,true
ODL_25,addClassRelabelSample,test9,true
ODL_25,permuteClasslabel,test9,true
ODL_25,addInformativeAtt,test9,true
ODL_25,addClassSample,test9,true
ODL_25,removeClass,test9,true
ODL_25,removeSample,test9,true
ODL_25,affineTransformation,test10,true
ODL_25,permuteAttribute,test10,true
ODL_25,addUninformativeAtt,test10,true
ODL_25,rePrediction,test10,true
ODL_25,addSample,test10,true
ODL_25,addClassRelabelSample,test10,true
ODL_25,permuteClasslabel,test10,true
ODL_25,addInformativeAtt,test10,true
ODL_25,addClassSample,test10,true
ODL_25,removeClass,test10,true
ODL_25,removeSample,test10,true
ROR_11,affineTransformation,test1,true
ROR_11,permuteAttribute,test1,true
ROR_11,addUninformativeAtt,test1,true
ROR_11,rePrediction,test1,true
ROR_11,addSample,test1,true
ROR_11,addClassRelabelSample,test1,true
ROR_11,permuteClasslabel,test1,true
ROR_11,addInformativeAtt,test1,true
ROR_11,addClassSample,test1,false
ROR_11,removeClass,test1,true
ROR_11,removeSample,test1,true
ROR_11,affineTransformation,test2,true
ROR_11,permuteAttribute,test2,true
ROR_11,addUninformativeAtt,test2,true
ROR_11,rePrediction,test2,true
ROR_11,addSample,test2,true
ROR_11,addClassRelabelSample,test2,true
ROR_11,permuteClasslabel,test2,true
ROR_11,addInformativeAtt,test2,true
ROR_11,addClassSample,test2,false
ROR_11,removeClass,test2,true
ROR_11,removeSample,test2,true
ROR_11,affineTransformation,test3,true
ROR_11,permuteAttribute,test3,true
ROR_11,addUninformativeAtt,test3,true
ROR_11,rePrediction,test3,true
ROR_11,addSample,test3,true
ROR_11,addClassRelabelSample,test3,true
ROR_11,permuteClasslabel,test3,true
ROR_11,addInformativeAtt,test3,true
ROR_11,addClassSample,test3,true
ROR_11,removeClass,test3,true
ROR_11,removeSample,test3,true
ROR_11,affineTransformation,test4,true
ROR_11,permuteAttribute,test4,true
ROR_11,addUninformativeAtt,test4,true
ROR_11,rePrediction,test4,true
ROR_11,addSample,test4,true
ROR_11,addClassRelabelSample,test4,true
ROR_11,permuteClasslabel,test4,true
ROR_11,addInformativeAtt,test4,true
ROR_11,addClassSample,test4,false
ROR_11,removeClass,test4,true
ROR_11,removeSample,test4,true
ROR_11,affineTransformation,test5,true
ROR_11,permuteAttribute,test5,true
ROR_11,addUninformativeAtt,test5,true
ROR_11,rePrediction,test5,true
ROR_11,addSample,test5,true
ROR_11,addClassRelabelSample,test5,true
ROR_11,permuteClasslabel,test5,true
ROR_11,addInformativeAtt,test5,true
ROR_11,addClassSample,test5,false
ROR_11,removeClass,test5,true
ROR_11,removeSample,test5,true
ROR_11,affineTransformation,test6,true
ROR_11,permuteAttribute,test6,true
ROR_11,addUninformativeAtt,test6,true
ROR_11,rePrediction,test6,true
ROR_11,addSample,test6,true
ROR_11,addClassRelabelSample,test6,true
ROR_11,permuteClasslabel,test6,true
ROR_11,addInformativeAtt,test6,true
ROR_11,addClassSample,test6,false
ROR_11,removeClass,test6,true
ROR_11,removeSample,test6,true
ROR_11,affineTransformation,test7,true
ROR_11,permuteAttribute,test7,true
ROR_11,addUninformativeAtt,test7,true
ROR_11,rePrediction,test7,true
ROR_11,addSample,test7,true
ROR_11,addClassRelabelSample,test7,true
ROR_11,permuteClasslabel,test7,false
ROR_11,addInformativeAtt,test7,true
ROR_11,addClassSample,test7,false
ROR_11,removeClass,test7,true
ROR_11,removeSample,test7,true
ROR_11,affineTransformation,test8,true
ROR_11,permuteAttribute,test8,true
ROR_11,addUninformativeAtt,test8,true
ROR_11,rePrediction,test8,true
ROR_11,addSample,test8,true
ROR_11,addClassRelabelSample,test8,true
ROR_11,permuteClasslabel,test8,true
ROR_11,addInformativeAtt,test8,true
ROR_11,addClassSample,test8,true
ROR_11,removeClass,test8,true
ROR_11,removeSample,test8,true
ROR_11,affineTransformation,test9,true
ROR_11,permuteAttribute,test9,true
ROR_11,addUninformativeAtt,test9,true
ROR_11,rePrediction,test9,true
ROR_11,addSample,test9,true
ROR_11,addClassRelabelSample,test9,true
ROR_11,permuteClasslabel,test9,true
ROR_11,addInformativeAtt,test9,true
ROR_11,addClassSample,test9,false
ROR_11,removeClass,test9,true
ROR_11,removeSample,test9,true
ROR_11,affineTransformation,test10,true
ROR_11,permuteAttribute,test10,true
ROR_11,addUninformativeAtt,test10,true
ROR_11,rePrediction,test10,true
ROR_11,addSample,test10,true
ROR_11,addClassRelabelSample,test10,true
ROR_11,permuteClasslabel,test10,false
ROR_11,addInformativeAtt,test10,true
ROR_11,addClassSample,test10,false
ROR_11,removeClass,test10,true
ROR_11,removeSample,test10,true
ROR_12,affineTransformation,test1,true
ROR_12,permuteAttribute,test1,true
ROR_12,addUninformativeAtt,test1,true
ROR_12,rePrediction,test1,true
ROR_12,addSample,test1,true
ROR_12,addClassRelabelSample,test1,true
ROR_12,permuteClasslabel,test1,true
ROR_12,addInformativeAtt,test1,true
ROR_12,addClassSample,test1,true
ROR_12,removeClass,test1,true
ROR_12,removeSample,test1,true
ROR_12,affineTransformation,test2,true
ROR_12,permuteAttribute,test2,true
ROR_12,addUninformativeAtt,test2,true
ROR_12,rePrediction,test2,true
ROR_12,addSample,test2,true
ROR_12,addClassRelabelSample,test2,true
ROR_12,permuteClasslabel,test2,true
ROR_12,addInformativeAtt,test2,true
ROR_12,addClassSample,test2,true
ROR_12,removeClass,test2,true
ROR_12,removeSample,test2,true
ROR_12,affineTransformation,test3,true
ROR_12,permuteAttribute,test3,true
ROR_12,addUninformativeAtt,test3,true
ROR_12,rePrediction,test3,true
ROR_12,addSample,test3,true
ROR_12,addClassRelabelSample,test3,true
ROR_12,permuteClasslabel,test3,true
ROR_12,addInformativeAtt,test3,true
ROR_12,addClassSample,test3,true
ROR_12,removeClass,test3,true
ROR_12,removeSample,test3,true
ROR_12,affineTransformation,test4,true
ROR_12,permuteAttribute,test4,true
ROR_12,addUninformativeAtt,test4,true
ROR_12,rePrediction,test4,true
ROR_12,addSample,test4,true
ROR_12,addClassRelabelSample,test4,true
ROR_12,permuteClasslabel,test4,true
ROR_12,addInformativeAtt,test4,true
ROR_12,addClassSample,test4,true
ROR_12,removeClass,test4,true
ROR_12,removeSample,test4,true
ROR_12,affineTransformation,test5,true
ROR_12,permuteAttribute,test5,true
ROR_12,addUninformativeAtt,test5,true
ROR_12,rePrediction,test5,true
ROR_12,addSample,test5,true
ROR_12,addClassRelabelSample,test5,true
ROR_12,permuteClasslabel,test5,true
ROR_12,addInformativeAtt,test5,true
ROR_12,addClassSample,test5,true
ROR_12,removeClass,test5,true
ROR_12,removeSample,test5,true
ROR_12,affineTransformation,test6,true
ROR_12,permuteAttribute,test6,true
ROR_12,addUninformativeAtt,test6,true
ROR_12,rePrediction,test6,true
ROR_12,addSample,test6,true
ROR_12,addClassRelabelSample,test6,true
ROR_12,permuteClasslabel,test6,true
ROR_12,addInformativeAtt,test6,true
ROR_12,addClassSample,test6,true
ROR_12,removeClass,test6,true
ROR_12,removeSample,test6,true
ROR_12,affineTransformation,test7,true
ROR_12,permuteAttribute,test7,true
ROR_12,addUninformativeAtt,test7,true
ROR_12,rePrediction,test7,true
ROR_12,addSample,test7,true
ROR_12,addClassRelabelSample,test7,true
ROR_12,permuteClasslabel,test7,true
ROR_12,addInformativeAtt,test7,true
ROR_12,addClassSample,test7,true
ROR_12,removeClass,test7,true
ROR_12,removeSample,test7,true
ROR_12,affineTransformation,test8,true
ROR_12,permuteAttribute,test8,true
ROR_12,addUninformativeAtt,test8,true
ROR_12,rePrediction,test8,true
ROR_12,addSample,test8,true
ROR_12,addClassRelabelSample,test8,true
ROR_12,permuteClasslabel,test8,true
ROR_12,addInformativeAtt,test8,true
ROR_12,addClassSample,test8,true
ROR_12,removeClass,test8,true
ROR_12,removeSample,test8,true
ROR_12,affineTransformation,test9,true
ROR_12,permuteAttribute,test9,true
ROR_12,addUninformativeAtt,test9,true
ROR_12,rePrediction,test9,true
ROR_12,addSample,test9,true
ROR_12,addClassRelabelSample,test9,true
ROR_12,permuteClasslabel,test9,true
ROR_12,addInformativeAtt,test9,true
ROR_12,addClassSample,test9,true
ROR_12,removeClass,test9,true
ROR_12,removeSample,test9,true
ROR_12,affineTransformation,test10,true
ROR_12,permuteAttribute,test10,true
ROR_12,addUninformativeAtt,test10,true
ROR_12,rePrediction,test10,true
ROR_12,addSample,test10,true
ROR_12,addClassRelabelSample,test10,true
ROR_12,permuteClasslabel,test10,true
ROR_12,addInformativeAtt,test10,true
ROR_12,addClassSample,test10,true
ROR_12,removeClass,test10,true
ROR_12,removeSample,test10,true
ROR_8,affineTransformation,test1,true
ROR_8,permuteAttribute,test1,true
ROR_8,addUninformativeAtt,test1,true
ROR_8,rePrediction,test1,true
ROR_8,addSample,test1,true
ROR_8,addClassRelabelSample,test1,true
ROR_8,permuteClasslabel,test1,true
ROR_8,addInformativeAtt,test1,true
ROR_8,addClassSample,test1,true
ROR_8,removeClass,test1,true
ROR_8,removeSample,test1,true
ROR_8,affineTransformation,test2,true
ROR_8,permuteAttribute,test2,true
ROR_8,addUninformativeAtt,test2,true
ROR_8,rePrediction,test2,true
ROR_8,addSample,test2,true
ROR_8,addClassRelabelSample,test2,true
ROR_8,permuteClasslabel,test2,true
ROR_8,addInformativeAtt,test2,true
ROR_8,addClassSample,test2,true
ROR_8,removeClass,test2,true
ROR_8,removeSample,test2,true
ROR_8,affineTransformation,test3,true
ROR_8,permuteAttribute,test3,true
ROR_8,addUninformativeAtt,test3,true
ROR_8,rePrediction,test3,true
ROR_8,addSample,test3,true
ROR_8,addClassRelabelSample,test3,true
ROR_8,permuteClasslabel,test3,true
ROR_8,addInformativeAtt,test3,true
ROR_8,addClassSample,test3,false
ROR_8,removeClass,test3,true
ROR_8,removeSample,test3,true
ROR_8,affineTransformation,test4,true
ROR_8,permuteAttribute,test4,true
ROR_8,addUninformativeAtt,test4,true
ROR_8,rePrediction,test4,true
ROR_8,addSample,test4,true
ROR_8,addClassRelabelSample,test4,true
ROR_8,permuteClasslabel,test4,true
ROR_8,addInformativeAtt,test4,true
ROR_8,addClassSample,test4,false
ROR_8,removeClass,test4,true
ROR_8,removeSample,test4,true
ROR_8,affineTransformation,test5,true
ROR_8,permuteAttribute,test5,true
ROR_8,addUninformativeAtt,test5,true
ROR_8,rePrediction,test5,true
ROR_8,addSample,test5,true
ROR_8,addClassRelabelSample,test5,true
ROR_8,permuteClasslabel,test5,true
ROR_8,addInformativeAtt,test5,true
ROR_8,addClassSample,test5,false
ROR_8,removeClass,test5,true
ROR_8,removeSample,test5,true
ROR_8,affineTransformation,test6,true
ROR_8,permuteAttribute,test6,true
ROR_8,addUninformativeAtt,test6,true
ROR_8,rePrediction,test6,true
ROR_8,addSample,test6,true
ROR_8,addClassRelabelSample,test6,true
ROR_8,permuteClasslabel,test6,false
ROR_8,addInformativeAtt,test6,true
ROR_8,addClassSample,test6,false
ROR_8,removeClass,test6,true
ROR_8,removeSample,test6,true
ROR_8,affineTransformation,test7,true
ROR_8,permuteAttribute,test7,true
ROR_8,addUninformativeAtt,test7,true
ROR_8,rePrediction,test7,true
ROR_8,addSample,test7,true
ROR_8,addClassRelabelSample,test7,true
ROR_8,permuteClasslabel,test7,false
ROR_8,addInformativeAtt,test7,true
ROR_8,addClassSample,test7,false
ROR_8,removeClass,test7,true
ROR_8,removeSample,test7,true
ROR_8,affineTransformation,test8,true
ROR_8,permuteAttribute,test8,true
ROR_8,addUninformativeAtt,test8,true
ROR_8,rePrediction,test8,true
ROR_8,addSample,test8,true
ROR_8,addClassRelabelSample,test8,true
ROR_8,permuteClasslabel,test8,false
ROR_8,addInformativeAtt,test8,true
ROR_8,addClassSample,test8,false
ROR_8,removeClass,test8,true
ROR_8,removeSample,test8,true
ROR_8,affineTransformation,test9,true
ROR_8,permuteAttribute,test9,true
ROR_8,addUninformativeAtt,test9,true
ROR_8,rePrediction,test9,true
ROR_8,addSample,test9,true
ROR_8,addClassRelabelSample,test9,true
ROR_8,permuteClasslabel,test9,true
ROR_8,addInformativeAtt,test9,true
ROR_8,addClassSample,test9,false
ROR_8,removeClass,test9,true
ROR_8,removeSample,test9,true
ROR_8,affineTransformation,test10,true
ROR_8,permuteAttribute,test10,true
ROR_8,addUninformativeAtt,test10,true
ROR_8,rePrediction,test10,true
ROR_8,addSample,test10,true
ROR_8,addClassRelabelSample,test10,true
ROR_8,permuteClasslabel,test10,true
ROR_8,addInformativeAtt,test10,true
ROR_8,addClassSample,test10,false
ROR_8,removeClass,test10,true
ROR_8,removeSample,test10,true
ROR_9,affineTransformation,test1,true
ROR_9,permuteAttribute,test1,true
ROR_9,addUninformativeAtt,test1,true
ROR_9,rePrediction,test1,true
ROR_9,addSample,test1,true
ROR_9,addClassRelabelSample,test1,true
ROR_9,permuteClasslabel,test1,true
ROR_9,addInformativeAtt,test1,true
ROR_9,addClassSample,test1,false
ROR_9,removeClass,test1,true
ROR_9,removeSample,test1,true
ROR_9,affineTransformation,test2,true
ROR_9,permuteAttribute,test2,true
ROR_9,addUninformativeAtt,test2,true
ROR_9,rePrediction,test2,true
ROR_9,addSample,test2,true
ROR_9,addClassRelabelSample,test2,true
ROR_9,permuteClasslabel,test2,true
ROR_9,addInformativeAtt,test2,true
ROR_9,addClassSample,test2,true
ROR_9,removeClass,test2,true
ROR_9,removeSample,test2,true
ROR_9,affineTransformation,test3,true
ROR_9,permuteAttribute,test3,true
ROR_9,addUninformativeAtt,test3,true
ROR_9,rePrediction,test3,true
ROR_9,addSample,test3,true
ROR_9,addClassRelabelSample,test3,true
ROR_9,permuteClasslabel,test3,true
ROR_9,addInformativeAtt,test3,true
ROR_9,addClassSample,test3,false
ROR_9,removeClass,test3,true
ROR_9,removeSample,test3,true
ROR_9,affineTransformation,test4,true
ROR_9,permuteAttribute,test4,true
ROR_9,addUninformativeAtt,test4,true
ROR_9,rePrediction,test4,true
ROR_9,addSample,test4,true
ROR_9,addClassRelabelSample,test4,true
ROR_9,permuteClasslabel,test4,false
ROR_9,addInformativeAtt,test4,true
ROR_9,addClassSample,test4,false
ROR_9,removeClass,test4,true
ROR_9,removeSample,test4,true
ROR_9,affineTransformation,test5,true
ROR_9,permuteAttribute,test5,true
ROR_9,addUninformativeAtt,test5,true
ROR_9,rePrediction,test5,true
ROR_9,addSample,test5,true
ROR_9,addClassRelabelSample,test5,true
ROR_9,permuteClasslabel,test5,false
ROR_9,addInformativeAtt,test5,true
ROR_9,addClassSample,test5,false
ROR_9,removeClass,test5,true
ROR_9,removeSample,test5,true
ROR_9,affineTransformation,test6,true
ROR_9,permuteAttribute,test6,true
ROR_9,addUninformativeAtt,test6,true
ROR_9,rePrediction,test6,true
ROR_9,addSample,test6,true
ROR_9,addClassRelabelSample,test6,true
ROR_9,permuteClasslabel,test6,false
ROR_9,addInformativeAtt,test6,true
ROR_9,addClassSample,test6,false
ROR_9,removeClass,test6,true
ROR_9,removeSample,test6,true
ROR_9,affineTransformation,test7,true
ROR_9,permuteAttribute,test7,true
ROR_9,addUninformativeAtt,test7,true
ROR_9,rePrediction,test7,true
ROR_9,addSample,test7,true
ROR_9,addClassRelabelSample,test7,true
ROR_9,permuteClasslabel,test7,false
ROR_9,addInformativeAtt,test7,true
ROR_9,addClassSample,test7,false
ROR_9,removeClass,test7,true
ROR_9,removeSample,test7,true
ROR_9,affineTransformation,test8,true
ROR_9,permuteAttribute,test8,true
ROR_9,addUninformativeAtt,test8,true
ROR_9,rePrediction,test8,true
ROR_9,addSample,test8,true
ROR_9,addClassRelabelSample,test8,true
ROR_9,permuteClasslabel,test8,true
ROR_9,addInformativeAtt,test8,true
ROR_9,addClassSample,test8,false
ROR_9,removeClass,test8,true
ROR_9,removeSample,test8,true
ROR_9,affineTransformation,test9,true
ROR_9,permuteAttribute,test9,true
ROR_9,addUninformativeAtt,test9,true
ROR_9,rePrediction,test9,true
ROR_9,addSample,test9,true
ROR_9,addClassRelabelSample,test9,true
ROR_9,permuteClasslabel,test9,true
ROR_9,addInformativeAtt,test9,true
ROR_9,addClassSample,test9,false
ROR_9,removeClass,test9,true
ROR_9,removeSample,test9,true
ROR_9,affineTransformation,test10,true
ROR_9,permuteAttribute,test10,true
ROR_9,addUninformativeAtt,test10,true
ROR_9,rePrediction,test10,true
ROR_9,addSample,test10,true
ROR_9,addClassRelabelSample,test10,true
ROR_9,permuteClasslabel,test10,true
ROR_9,addInformativeAtt,test10,true
ROR_9,addClassSample,test10,false
ROR_9,removeClass,test10,true
ROR_9,removeSample,test10,true
SDL_45,affineTransformation,test1,true
SDL_45,permuteAttribute,test1,true
SDL_45,addUninformativeAtt,test1,true
SDL_45,rePrediction,test1,true
SDL_45,addSample,test1,true
SDL_45,addClassRelabelSample,test1,true
SDL_45,permuteClasslabel,test1,true
SDL_45,addInformativeAtt,test1,true
SDL_45,addClassSample,test1,false
SDL_45,removeClass,test1,true
SDL_45,removeSample,test1,true
SDL_45,affineTransformation,test2,true
SDL_45,permuteAttribute,test2,true
SDL_45,addUninformativeAtt,test2,true
SDL_45,rePrediction,test2,true
SDL_45,addSample,test2,true
SDL_45,addClassRelabelSample,test2,true
SDL_45,permuteClasslabel,test2,true
SDL_45,addInformativeAtt,test2,true
SDL_45,addClassSample,test2,false
SDL_45,removeClass,test2,true
SDL_45,removeSample,test2,true
SDL_45,affineTransformation,test3,true
SDL_45,permuteAttribute,test3,true
SDL_45,addUninformativeAtt,test3,true
SDL_45,rePrediction,test3,true
SDL_45,addSample,test3,true
SDL_45,addClassRelabelSample,test3,true
SDL_45,permuteClasslabel,test3,true
SDL_45,addInformativeAtt,test3,true
SDL_45,addClassSample,test3,false
SDL_45,removeClass,test3,true
SDL_45,removeSample,test3,true
SDL_45,affineTransformation,test4,true
SDL_45,permuteAttribute,test4,true
SDL_45,addUninformativeAtt,test4,true
SDL_45,rePrediction,test4,true
SDL_45,addSample,test4,true
SDL_45,addClassRelabelSample,test4,true
SDL_45,permuteClasslabel,test4,true
SDL_45,addInformativeAtt,test4,true
SDL_45,addClassSample,test4,false
SDL_45,removeClass,test4,true
SDL_45,removeSample,test4,true
SDL_45,affineTransformation,test5,true
SDL_45,permuteAttribute,test5,true
SDL_45,addUninformativeAtt,test5,true
SDL_45,rePrediction,test5,true
SDL_45,addSample,test5,true
SDL_45,addClassRelabelSample,test5,true
SDL_45,permuteClasslabel,test5,true
SDL_45,addInformativeAtt,test5,true
SDL_45,addClassSample,test5,true
SDL_45,removeClass,test5,true
SDL_45,removeSample,test5,true
SDL_45,affineTransformation,test6,true
SDL_45,permuteAttribute,test6,true
SDL_45,addUninformativeAtt,test6,true
SDL_45,rePrediction,test6,true
SDL_45,addSample,test6,true
SDL_45,addClassRelabelSample,test6,true
SDL_45,permuteClasslabel,test6,false
SDL_45,addInformativeAtt,test6,true
SDL_45,addClassSample,test6,false
SDL_45,removeClass,test6,true
SDL_45,removeSample,test6,true
SDL_45,affineTransformation,test7,true
SDL_45,permuteAttribute,test7,true
SDL_45,addUninformativeAtt,test7,true
SDL_45,rePrediction,test7,true
SDL_45,addSample,test7,true
SDL_45,addClassRelabelSample,test7,true
SDL_45,permuteClasslabel,test7,true
SDL_45,addInformativeAtt,test7,true
SDL_45,addClassSample,test7,false
SDL_45,removeClass,test7,true
SDL_45,removeSample,test7,true
SDL_45,affineTransformation,test8,true
SDL_45,permuteAttribute,test8,true
SDL_45,addUninformativeAtt,test8,true
SDL_45,rePrediction,test8,true
SDL_45,addSample,test8,true
SDL_45,addClassRelabelSample,test8,true
SDL_45,permuteClasslabel,test8,false
SDL_45,addInformativeAtt,test8,true
SDL_45,addClassSample,test8,false
SDL_45,removeClass,test8,true
SDL_45,removeSample,test8,true
SDL_45,affineTransformation,test9,true
SDL_45,permuteAttribute,test9,true
SDL_45,addUninformativeAtt,test9,true
SDL_45,rePrediction,test9,true
SDL_45,addSample,test9,true
SDL_45,addClassRelabelSample,test9,true
SDL_45,permuteClasslabel,test9,true
SDL_45,addInformativeAtt,test9,true
SDL_45,addClassSample,test9,false
SDL_45,removeClass,test9,true
SDL_45,removeSample,test9,true
SDL_45,affineTransformation,test10,true
SDL_45,permuteAttribute,test10,true
SDL_45,addUninformativeAtt,test10,true
SDL_45,rePrediction,test10,true
SDL_45,addSample,test10,true
SDL_45,addClassRelabelSample,test10,true
SDL_45,permuteClasslabel,test10,true
SDL_45,addInformativeAtt,test10,true
SDL_45,addClassSample,test10,true
SDL_45,removeClass,test10,true
SDL_45,removeSample,test10,true
SDL_46,affineTransformation,test1,true
SDL_46,permuteAttribute,test1,true
SDL_46,addUninformativeAtt,test1,true
SDL_46,rePrediction,test1,true
SDL_46,addSample,test1,true
SDL_46,addClassRelabelSample,test1,true
SDL_46,permuteClasslabel,test1,true
SDL_46,addInformativeAtt,test1,true
SDL_46,addClassSample,test1,true
SDL_46,removeClass,test1,true
SDL_46,removeSample,test1,true
SDL_46,affineTransformation,test2,true
SDL_46,permuteAttribute,test2,true
SDL_46,addUninformativeAtt,test2,true
SDL_46,rePrediction,test2,true
SDL_46,addSample,test2,true
SDL_46,addClassRelabelSample,test2,true
SDL_46,permuteClasslabel,test2,true
SDL_46,addInformativeAtt,test2,true
SDL_46,addClassSample,test2,false
SDL_46,removeClass,test2,true
SDL_46,removeSample,test2,true
SDL_46,affineTransformation,test3,true
SDL_46,permuteAttribute,test3,true
SDL_46,addUninformativeAtt,test3,true
SDL_46,rePrediction,test3,true
SDL_46,addSample,test3,true
SDL_46,addClassRelabelSample,test3,true
SDL_46,permuteClasslabel,test3,true
SDL_46,addInformativeAtt,test3,true
SDL_46,addClassSample,test3,false
SDL_46,removeClass,test3,true
SDL_46,removeSample,test3,true
SDL_46,affineTransformation,test4,true
SDL_46,permuteAttribute,test4,true
SDL_46,addUninformativeAtt,test4,true
SDL_46,rePrediction,test4,true
SDL_46,addSample,test4,true
SDL_46,addClassRelabelSample,test4,true
SDL_46,permuteClasslabel,test4,true
SDL_46,addInformativeAtt,test4,true
SDL_46,addClassSample,test4,true
SDL_46,removeClass,test4,true
SDL_46,removeSample,test4,true
SDL_46,affineTransformation,test5,true
SDL_46,permuteAttribute,test5,true
SDL_46,addUninformativeAtt,test5,true
SDL_46,rePrediction,test5,true
SDL_46,addSample,test5,true
SDL_46,addClassRelabelSample,test5,true
SDL_46,permuteClasslabel,test5,false
SDL_46,addInformativeAtt,test5,true
SDL_46,addClassSample,test5,false
SDL_46,removeClass,test5,true
SDL_46,removeSample,test5,true
SDL_46,affineTransformation,test6,true
SDL_46,permuteAttribute,test6,true
SDL_46,addUninformativeAtt,test6,true
SDL_46,rePrediction,test6,true
SDL_46,addSample,test6,true
SDL_46,addClassRelabelSample,test6,true
SDL_46,permuteClasslabel,test6,true
SDL_46,addInformativeAtt,test6,true
SDL_46,addClassSample,test6,false
SDL_46,removeClass,test6,true
SDL_46,removeSample,test6,true
SDL_46,affineTransformation,test7,true
SDL_46,permuteAttribute,test7,true
SDL_46,addUninformativeAtt,test7,true
SDL_46,rePrediction,test7,true
SDL_46,addSample,test7,true
SDL_46,addClassRelabelSample,test7,true
SDL_46,permuteClasslabel,test7,true
SDL_46,addInformativeAtt,test7,true
SDL_46,addClassSample,test7,false
SDL_46,removeClass,test7,true
SDL_46,removeSample,test7,true
SDL_46,affineTransformation,test8,true
SDL_46,permuteAttribute,test8,true
SDL_46,addUninformativeAtt,test8,true
SDL_46,rePrediction,test8,true
SDL_46,addSample,test8,true
SDL_46,addClassRelabelSample,test8,true
SDL_46,permuteClasslabel,test8,false
SDL_46,addInformativeAtt,test8,true
SDL_46,addClassSample,test8,false
SDL_46,removeClass,test8,true
SDL_46,removeSample,test8,true
SDL_46,affineTransformation,test9,true
SDL_46,permuteAttribute,test9,true
SDL_46,addUninformativeAtt,test9,true
SDL_46,rePrediction,test9,true
SDL_46,addSample,test9,true
SDL_46,addClassRelabelSample,test9,true
SDL_46,permuteClasslabel,test9,true
SDL_46,addInformativeAtt,test9,true
SDL_46,addClassSample,test9,false
SDL_46,removeClass,test9,true
SDL_46,removeSample,test9,true
SDL_46,affineTransformation,test10,true
SDL_46,permuteAttribute,test10,true
SDL_46,addUninformativeAtt,test10,true
SDL_46,rePrediction,test10,true
SDL_46,addSample,test10,true
SDL_46,addClassRelabelSample,test10,true
SDL_46,permuteClasslabel,test10,false
SDL_46,addInformativeAtt,test10,true
SDL_46,addClassSample,test10,false
SDL_46,removeClass,test10,true
SDL_46,removeSample,test10,true
